{
    "name": "root",
    "gauges": {
        "Car.Policy.Entropy.mean": {
            "value": 1.4189382791519165,
            "min": 1.4189382791519165,
            "max": 1.4189382791519165,
            "count": 22
        },
        "Car.Policy.Entropy.sum": {
            "value": 181.6240997314453,
            "min": 181.6240997314453,
            "max": 363.2481994628906,
            "count": 22
        },
        "Car.Step.mean": {
            "value": 2816.0,
            "min": 128.0,
            "max": 2816.0,
            "count": 22
        },
        "Car.Step.sum": {
            "value": 2816.0,
            "min": 128.0,
            "max": 2816.0,
            "count": 22
        },
        "Car.Policy.ExtrinsicValueEstimate.mean": {
            "value": -0.1288221925497055,
            "min": -0.13014981150627136,
            "max": -0.1288221925497055,
            "count": 22
        },
        "Car.Policy.ExtrinsicValueEstimate.sum": {
            "value": -0.1288221925497055,
            "min": -0.13014981150627136,
            "max": -0.1288221925497055,
            "count": 22
        },
        "Car.IsTraining.mean": {
            "value": 1.0,
            "min": 1.0,
            "max": 1.0,
            "count": 22
        },
        "Car.IsTraining.sum": {
            "value": 1.0,
            "min": 1.0,
            "max": 1.0,
            "count": 22
        }
    },
    "metadata": {
        "timer_format_version": "0.1.0",
        "start_time_seconds": "1642514809",
        "python_version": "3.9.7 (default, Sep 16 2021, 16:59:28) [MSC v.1916 64 bit (AMD64)]",
        "command_line_arguments": "C:\\Users\\Kalle\\anaconda3\\Scripts\\mlagents-learn config/car_config.yaml --run-id=Car --force",
        "mlagents_version": "0.27.0",
        "mlagents_envs_version": "0.27.0",
        "communication_protocol_version": "1.5.0",
        "pytorch_version": "1.10.1",
        "numpy_version": "1.20.3",
        "end_time_seconds": "1642514926"
    },
    "total": 117.1315427,
    "count": 1,
    "self": 0.004797600000003399,
    "children": {
        "run_training.setup": {
            "total": 0.18309719999999996,
            "count": 1,
            "self": 0.18309719999999996
        },
        "TrainerController.start_learning": {
            "total": 116.94364789999999,
            "count": 1,
            "self": 0.06670590000001653,
            "children": {
                "TrainerController._reset_env": {
                    "total": 6.5869462,
                    "count": 1,
                    "self": 6.5869462
                },
                "TrainerController.advance": {
                    "total": 110.20038469999997,
                    "count": 3032,
                    "self": 0.024788800000123956,
                    "children": {
                        "env_step": {
                            "total": 110.17559589999985,
                            "count": 3032,
                            "self": 105.18628610000039,
                            "children": {
                                "SubprocessEnvManager._take_step": {
                                    "total": 4.959388399999742,
                                    "count": 3032,
                                    "self": 0.1379235999998496,
                                    "children": {
                                        "TorchPolicy.evaluate": {
                                            "total": 4.821464799999893,
                                            "count": 3031,
                                            "self": 2.027324299999375,
                                            "children": {
                                                "TorchPolicy.sample_actions": {
                                                    "total": 2.794140500000518,
                                                    "count": 3031,
                                                    "self": 2.794140500000518
                                                }
                                            }
                                        }
                                    }
                                },
                                "workers": {
                                    "total": 0.02992139999971677,
                                    "count": 3031,
                                    "self": 0.0,
                                    "children": {
                                        "worker_root": {
                                            "total": 111.35774290000009,
                                            "count": 3031,
                                            "is_parallel": true,
                                            "self": 8.221643299999968,
                                            "children": {
                                                "steps_from_proto": {
                                                    "total": 0.0002393999999998897,
                                                    "count": 1,
                                                    "is_parallel": true,
                                                    "self": 0.00011090000000013589,
                                                    "children": {
                                                        "_process_rank_one_or_two_observation": {
                                                            "total": 0.0001284999999997538,
                                                            "count": 2,
                                                            "is_parallel": true,
                                                            "self": 0.0001284999999997538
                                                        }
                                                    }
                                                },
                                                "UnityEnvironment.step": {
                                                    "total": 103.13586020000012,
                                                    "count": 3031,
                                                    "is_parallel": true,
                                                    "self": 0.19773420000096564,
                                                    "children": {
                                                        "UnityEnvironment._generate_step_input": {
                                                            "total": 0.13199339999952464,
                                                            "count": 3031,
                                                            "is_parallel": true,
                                                            "self": 0.13199339999952464
                                                        },
                                                        "communicator.exchange": {
                                                            "total": 102.28347189999971,
                                                            "count": 3031,
                                                            "is_parallel": true,
                                                            "self": 102.28347189999971
                                                        },
                                                        "steps_from_proto": {
                                                            "total": 0.5226606999999213,
                                                            "count": 3031,
                                                            "is_parallel": true,
                                                            "self": 0.25386789999942394,
                                                            "children": {
                                                                "_process_rank_one_or_two_observation": {
                                                                    "total": 0.2687928000004973,