{
    "name": "root",
    "gauges": {
        "Car.Policy.Entropy.mean": {
            "value": 1.4189382791519165,
            "min": 1.4189382791519165,
            "max": 1.4189382791519165,
            "count": 8
        },
        "Car.Policy.Entropy.sum": {
            "value": 181.6240997314453,
            "min": 181.6240997314453,
            "max": 363.2481994628906,
            "count": 8
        },
        "Car.Step.mean": {
            "value": 1024.0,
            "min": 128.0,
            "max": 1024.0,
            "count": 8
        },
        "Car.Step.sum": {
            "value": 1024.0,
            "min": 128.0,
            "max": 1024.0,
            "count": 8
        },
        "Car.Policy.ExtrinsicValueEstimate.mean": {
            "value": 0.037286177277565,
            "min": 0.037251852452754974,
            "max": 0.037286177277565,
            "count": 8
        },
        "Car.Policy.ExtrinsicValueEstimate.sum": {
            "value": 0.037286177277565,
            "min": 0.037251852452754974,
            "max": 0.037286177277565,
            "count": 8
        },
        "Car.IsTraining.mean": {
            "value": 1.0,
            "min": 1.0,
            "max": 1.0,
            "count": 8
        },
        "Car.IsTraining.sum": {
            "value": 1.0,
            "min": 1.0,
            "max": 1.0,
            "count": 8
        }
    },
    "metadata": {
        "timer_format_version": "0.1.0",
        "start_time_seconds": "1642431068",
        "python_version": "3.9.7 (default, Sep 16 2021, 16:59:28) [MSC v.1916 64 bit (AMD64)]",
        "command_line_arguments": "C:\\Users\\Kalle\\anaconda3\\Scripts\\mlagents-learn config/car_config.yaml --run-id=Car --force",
        "mlagents_version": "0.27.0",
        "mlagents_envs_version": "0.27.0",
        "communication_protocol_version": "1.5.0",
        "pytorch_version": "1.10.1",
        "numpy_version": "1.20.3",
        "end_time_seconds": "1642431117"
    },
    "total": 49.333059,
    "count": 1,
    "self": 0.005281599999996445,
    "children": {
        "run_training.setup": {
            "total": 0.18925479999999983,
            "count": 1,
            "self": 0.18925479999999983
        },
        "TrainerController.start_learning": {
            "total": 49.1385226,
            "count": 1,
            "self": 0.03578030000006294,
            "children": {
                "TrainerController._reset_env": {
                    "total": 8.1181004,
                    "count": 1,
                    "self": 8.1181004
                },
                "TrainerController.advance": {
                    "total": 40.84824209999994,
                    "count": 1248,
                    "self": 0.011175799999932678,
                    "children": {
                        "env_step": {
                            "total": 40.83706630000001,
                            "count": 1248,
                            "self": 38.7619521000001,
                            "children": {
                                "SubprocessEnvManager._take_step": {
                                    "total": 2.062680599999945,
                                    "count": 1248,
                                    "self": 0.05981909999994528,
                                    "children": {
                                        "TorchPolicy.evaluate": {
                                            "total": 2.0028615,
                                            "count": 1247,
                                            "self": 0.6304009999999618,
                                            "children": {
                                                "TorchPolicy.sample_actions": {
                                                    "total": 1.372460500000038,
                                                    "count": 1247,
                                                    "self": 1.372460500000038
                                                }
                                            }
                                        }
                                    }
                                },
                                "workers": {
                                    "total": 0.01243359999996052,
                                    "count": 1247,
                                    "self": 0.0,
                                    "children": {
                                        "worker_root": {
                                            "total": 42.066765199999914,
                                            "count": 1247,
                                            "is_parallel": true,
                                            "self": 4.2123448999998985,
                                            "children": {
                                                "steps_from_proto": {
                                                    "total": 0.00022490000000008337,
                                                    "count": 1,
                                                    "is_parallel": true,
                                                    "self": 9.35999999995829e-05,
                                                    "children": {
                                                        "_process_rank_one_or_two_observation": {
                                                            "total": 0.00013130000000050046,
                                                            "count": 2,
                                                            "is_parallel": true,
                                                            "self": 0.00013130000000050046
                                                        }
                                                    }
                                                },
                                                "UnityEnvironment.step": {
                                                    "total": 37.854195400000016,
                                                    "count": 1247,
                                                    "is_parallel": true,
                                                    "self": 0.08020879999989461,
                                                    "children": {
                                                        "UnityEnvironment._generate_step_input": {
                                                            "total": 0.056482200000072424,
                                                            "count": 1247,
                                                            "is_parallel": true,
                                                            "self": 0.056482200000072424
                                                        },
                                                        "communicator.exchange": {
                                                            "total": 37.49812200000008,
                                                            "count": 1247,
                                                            "is_parallel": true,
                                                            "self": 37.49812200000008
                                                        },
                                                        "steps_from_proto": {
                                                            "total": 0.21938239999996512,
                                                            "count": 1247,
                                                            "is_parallel": true,
                                                            "self": 0.10784600000000033,
                                                            "children": {
                                                                "_process_rank_one_or_two_observation": {
                                                                    "total": 0.11153639999996479,